first_name,last_name,email,phone,password
Gerome,Antonovic,gantonovic0@bloomberg.com,(174) 9499005,EHVwDpQR2VP
Shell,Kigelman,skigelman1@economist.com,(982) 7672412,M5bXJZRh
Desiree,Kirdsch,dkirdsch2@xinhuanet.com,(407) 7594652,jM7p0oBy
Marlowe,Hallmark,mhallmark3@seesaa.net,(444) 2866818,YkXYQQ9z3x7
Correy,Humber,chumber4@myspace.com,(404) 8693939,mydQDdL1BgHY
Blinnie,Witheford,bwitheford5@epa.gov,(523) 8579370,qdrShT
Quintin,Zeale,qzeale6@dailymail.co.uk,(551) 1828848,WZPFPjjSxjv
Berget,Anersen,banersen7@myspace.com,(900) 9433338,FStczEVfeMtH
Antone,Labadini,alabadini8@answers.com,(471) 8638151,susqXvqZ
Finlay,Gronauer,fgronauer9@istockphoto.com,(506) 1765864,XxqWXuk
Konstanze,Happert,khapperta@skyrock.com,(793) 6158798,hLFWdcY
Leisha,Drohane,ldrohaneb@apache.org,(185) 6607646,cmS4dlT
Madelaine,Whymark,mwhymarkc@globo.com,(814) 5987579,JilzlskG
Dom,Ledington,dledingtond@patch.com,(167) 4266295,ctZ5gjaojw
Jeanette,Devall,jdevalle@yellowbook.com,(667) 7675978,yKbvjHfRc4nR
Theodora,Cristofvao,tcristofvaof@addthis.com,(775) 8879417,1zlxaMj38v1
Persis,Beaten,pbeateng@icq.com,(347) 7814206,GyYkL3GYaE
Phil,Fewlass,pfewlassh@ucsd.edu,(230) 3866045,3fdfulgq2lU
Martie,Woodings,mwoodingsi@ask.com,(520) 5430822,y7y28L
Christoffer,Bagger,cbaggerj@hugedomains.com,(298) 6870936,xHh1Fdt
Philomena,Milstead,pmilsteadk@army.mil,(644) 7300753,5LZoeY29akoK
Quincy,Sandiford,qsandifordl@theguardian.com,(106) 3568167,tEXzLR
Felita,Lafuente,flafuentem@boston.com,(558) 4878834,7CZ2sGClGae
Luciana,Joesbury,ljoesburyn@icio.us,(641) 9773907,Vy9GRDzDefFn
Gianna,Valek,gvaleko@loc.gov,(559) 6702932,tiwRbyziW48T
Normie,Simounet,nsimounetp@homestead.com,(833) 9651565,mU7Rlf2E
Shelley,Burns,sburnsq@technorati.com,(165) 8496511,bRlzFISwFxz
Ilysa,Clutterham,iclutterhamr@ebay.com,(311) 7109613,VGURElUslFi
Marchall,MacEnelly,mmacenellys@nifty.com,(446) 9475326,EzhptI
Jodee,Burdas,jburdast@yahoo.com,(224) 5244922,5Lscqqqdk
Goddart,Calveley,gcalveleyu@ebay.com,(423) 3225263,Mq7RmGsKUSk
Conrad,Back,cbackv@ustream.tv,(528) 9116262,QzImd5
Renaud,Mc Meekan,rmcmeekanw@gravatar.com,(936) 1043325,yS5f38au2PEU
Sherlock,Tibb,stibbx@google.co.uk,(237) 9633267,zyA3wV
Woodrow,Espinel,wespinely@mysql.com,(948) 6655383,jJKUiNvauy9f
Callida,Kender,ckenderz@liveinternet.ru,(645) 6066546,ZuTWEW
Shayna,Drummer,sdrummer10@goo.gl,(334) 3120296,g7QFM5t
Paten,Dearnley,pdearnley11@technorati.com,(151) 8516568,DsMiznEQYl
Helenka,Warsap,hwarsap12@harvard.edu,(706) 5599286,XxY01Xm5E
Arden,Holdworth,aholdworth13@sbwire.com,(820) 7270032,yFzeF1NbSyR2
Mollee,Worrall,mworrall14@facebook.com,(678) 4147795,yG6emEJq8D9P
Brennan,Skep,bskep15@indiatimes.com,(313) 3684053,8jxiCEs
Adam,Grout,agrout16@toplist.cz,(486) 3400129,LjSafM
Maurise,Dulinty,mdulinty17@ftc.gov,(462) 6126899,5D3RDvHeCCEu
Nana,Joubert,njoubert18@reference.com,(414) 9575459,ihkPhSg
Adams,Flukes,aflukes19@chronoengine.com,(247) 5193283,er9CN5847zs
Brant,Bewicke,bbewicke1a@fda.gov,(914) 4188590,sn9ZNARPb
Tiena,Porch,tporch1b@dell.com,(342) 5483909,jO3IpDULO
Wood,Sully,wsully1c@1688.com,(829) 9599578,6SPiG2Up0
Gaye,Hollibone,ghollibone1d@shop-pro.jp,(691) 7775081,7Fl2uWcHwQ
Toddie,Petroff,tpetroff1e@google.es,(682) 9408729,StHKJyno
Lauri,Attaway,lattaway1f@sakura.ne.jp,(866) 8601703,LGHI13KbzHwK
Shelba,Kryszkiecicz,skryszkiecicz1g@nationalgeographic.com,(905) 4851880,Mhd8Axe
Sally,Galbraith,sgalbraith1h@census.gov,(553) 3384231,wVQc6lYK
Ronalda,Kilmary,rkilmary1i@wordpress.com,(115) 3894228,FUL4BuVWIP
Thebault,Gringley,tgringley1j@woothemes.com,(820) 9727940,PjdKXDc60
Kip,Aickin,kaickin1k@nytimes.com,(202) 7836511,fIVsW8
Colleen,Ollington,collington1l@google.com.hk,(573) 6678527,dflZbCJ6KGHQ
Grady,Shutt,gshutt1m@state.tx.us,(469) 8795991,NiPhH8jY0jUE
Mavra,Elstow,melstow1n@reference.com,(261) 6118886,jIlzPlXTZ9
Yehudit,Ryman,yryman1o@123-reg.co.uk,(679) 4234330,mPiT9gSGwVRx
Carie,Crohan,ccrohan1p@go.com,(735) 4540079,RCOAYqcHIAe
Levi,Fenning,lfenning1q@biglobe.ne.jp,(207) 1366404,gvnsRTT
Brennan,Kupka,bkupka1r@ehow.com,(824) 7368395,H6z3rW
Corey,Oda,coda1s@shinystat.com,(229) 7716600,MW7yk4
Hurlee,Rawne,hrawne1t@bloglovin.com,(551) 4808660,uwPqhCkLt
Siffre,Lucas,slucas1u@purevolume.com,(820) 7862886,DZAhULqO8X
Todd,Mulvey,tmulvey1v@arstechnica.com,(949) 8102189,TE0LJ1G70y
Carmen,Chinge,cchinge1w@woothemes.com,(691) 1790799,CUyDccMZnBpo
Janaya,Colledge,jcolledge1x@ca.gov,(298) 4118681,upkDSkxDq
Edee,Schriren,eschriren1y@joomla.org,(578) 1329355,KjUycgUWsd
Jessalin,Devonish,jdevonish1z@dailymotion.com,(483) 6677142,h2VlJ0
Gorden,Frew,gfrew20@altervista.org,(845) 3422965,vjxJLwWpN0
Dian,Hefferon,dhefferon21@cnn.com,(815) 8615948,6uKSenuUu
Germain,Sivills,gsivills22@bravesites.com,(271) 4049670,hwHkus5TZD
Taryn,Siverns,tsiverns23@ebay.com,(926) 4178609,O0BoTVxPl
Noelyn,Burgess,nburgess24@unesco.org,(445) 2845477,BmvWbtV
Symon,Amar,samar25@hhs.gov,(265) 5004899,LXdCr7BIxx
Keven,Nunes Nabarro,knunesnabarro26@acquirethisname.com,(601) 9978225,iOpKhOJqtvy
Elyssa,Haacker,ehaacker27@indiatimes.com,(416) 9127735,2yWs1s00vFNa
Vern,Roalfe,vroalfe28@ifeng.com,(110) 5958665,WOR0R3UQrJN9
Lynnea,McGiven,lmcgiven29@springer.com,(284) 1820104,x32VysR
Faye,Glasscott,fglasscott2a@scribd.com,(756) 1208919,BtyThoHJ
Kimberlyn,Tyrie,ktyrie2b@loc.gov,(855) 3708732,vAOeLmEeVkQ
Josey,Giacomelli,jgiacomelli2c@geocities.jp,(923) 9292307,BLUlG4VC
Jervis,Vines,jvines2d@exblog.jp,(275) 5398452,TqVrNLSLa2
Gram,Mutlow,gmutlow2e@soup.io,(760) 3704549,KnAuQypOM9
Alexis,Antonomolii,aantonomolii2f@sohu.com,(915) 8798955,d4oMLpDTa9w
Collete,Anker,canker2g@free.fr,(542) 2763157,dO0zkTSVJ60
Reginauld,Rollason,rrollason2h@hhs.gov,(130) 2085070,FeigYv
Liane,Berni,lberni2i@indiegogo.com,(421) 2762640,Sfa9SMq5v7Q
Joann,Lamers,jlamers2j@nymag.com,(962) 8926199,EwX5eU
Marrilee,Marzellano,mmarzellano2k@tamu.edu,(181) 5848587,yk58vQpYQy
Gusella,MacCaughey,gmaccaughey2l@quantcast.com,(407) 6242704,1KYqjajt
Wilona,Richold,wrichold2m@whitehouse.gov,(740) 5392842,Jhx7med
Patrica,Dunderdale,pdunderdale2n@geocities.com,(725) 7975424,5Oo73dMH4PAK
Elianora,Gooday,egooday2o@bloglines.com,(483) 5565449,7lgJBb2qx
Sauncho,Duke,sduke2p@drupal.org,(955) 5326744,XojlC81cL
Tammie,Tuckwell,ttuckwell2q@mediafire.com,(567) 9949947,3Pe4h3E3U8H
Cris,Umfrey,cumfrey2r@paypal.com,(179) 8746600,2k4oee6sMnpe
Dewey,Cahill,dcahill2s@statcounter.com,(286) 3104036,RMXGdRe
Christiana,Durrell,cdurrell2t@nifty.com,(262) 8286416,H7Ydk8Yj810
Danila,Vine,dvine2u@google.co.uk,(550) 7461863,4i8nNU6a6Mc
Pattie,Mucillo,pmucillo2v@msu.edu,(325) 1347041,3d72tG8C
Sybilla,Overell,soverell2w@mozilla.org,(654) 6813737,KghG4Hyz
Janeva,Truswell,jtruswell2x@uiuc.edu,(513) 8302240,iD29FLcCcZ
Rivkah,Ilyas,rilyas2y@elegantthemes.com,(719) 7709144,QFYmctjJNh
Georgeanne,Righy,grighy2z@ovh.net,(731) 9017247,XGYybf543Pq
Cliff,Farnin,cfarnin30@studiopress.com,(316) 4926401,ZzrxpH1u
Cirstoforo,McIllroy,cmcillroy31@t-online.de,(218) 6834588,ayxSJpQHDwHO
Brewer,Edyson,bedyson32@list-manage.com,(185) 8021040,jOBIAb
Jere,Challender,jchallender33@lulu.com,(833) 2428387,bjezf4Vntua1
Sayre,Pennrington,spennrington34@1und1.de,(243) 6675923,qYQyjHb0zP
Sapphire,Klaesson,sklaesson35@fc2.com,(993) 9350384,u1g8tD6tl
Noell,Kleeman,nkleeman36@hhs.gov,(873) 5534995,ez9uhg
Dalila,Inglese,dinglese37@craigslist.org,(816) 6383895,0ZOoRD9PH60D
Abagail,Itzkovwitch,aitzkovwitch38@phpbb.com,(309) 6536647,ZQszcsBc
Shea,Hatchman,shatchman39@hugedomains.com,(442) 3631033,rFdiJP7
Sutton,Briance,sbriance3a@pen.io,(821) 2415277,dCHGsRAJVOTM
Danie,Broadbere,dbroadbere3b@foxnews.com,(421) 2124058,Yt8JJ9I
Carmelle,Renoden,crenoden3c@go.com,(991) 1932643,KJHN2oG6Jd
Neila,Flipek,nflipek3d@japanpost.jp,(384) 4717868,Dw9yw3aCW9J
Carce,MacAughtrie,cmacaughtrie3e@chicagotribune.com,(589) 8846122,FecqN7Cyegtt
Dunn,Kitto,dkitto3f@dailymail.co.uk,(744) 9649192,X0ECMkxVW
Alan,Caverhill,acaverhill3g@blogtalkradio.com,(688) 4336365,vXezsSTw2
Korella,Tolumello,ktolumello3h@webnode.com,(436) 3403243,9HMS744H5D
Athena,Yearns,ayearns3i@cdc.gov,(506) 5474456,MoGUbey
Antoine,Lyness,alyness3j@theguardian.com,(521) 1272894,R9PxyDfF
Saxe,Vanstone,svanstone3k@meetup.com,(201) 2523077,abGxd2Ns
Rufus,Ashurst,rashurst3l@over-blog.com,(783) 1631948,YkPV3iNk6faB
Steven,Crocumbe,scrocumbe3m@blogspot.com,(327) 3237745,Uzx2P6vqBi
Buck,Connor,bconnor3n@instagram.com,(949) 6558479,S8RsyJlWd
Normand,Gascone,ngascone3o@adobe.com,(864) 5128804,8UuBW7hT3SMZ
Chantal,Adelsberg,cadelsberg3p@devhub.com,(722) 8549249,wttg934
Jackquelin,Grigoire,jgrigoire3q@sogou.com,(404) 3070364,A84FSUS3f
Madge,Cannaway,mcannaway3r@dmoz.org,(700) 9501440,w36sr1lxYXzO
Felizio,Harrold,fharrold3s@wix.com,(967) 3792846,IxIQY2OAHEtd
Munroe,Burvill,mburvill3t@engadget.com,(800) 2666559,03ufaTcGjsNT
Lilla,Anstie,lanstie3u@youtube.com,(949) 3834581,EcMRDbMz
Brigg,Milmoe,bmilmoe3v@freewebs.com,(840) 3962584,4c4NzVE
Corby,Iacobacci,ciacobacci3w@salon.com,(383) 9626228,OimM3Klm
Lance,Pendrill,lpendrill3x@ca.gov,(697) 7073429,t26mOB78x
Carry,Studdard,cstuddard3y@mac.com,(970) 3995193,p1rQNYnN0v
Morganne,Thunnercliffe,mthunnercliffe3z@nih.gov,(272) 2808623,VTTIdsSG
Chere,Monketon,cmonketon40@networkadvertising.org,(382) 6088757,HzoWSPoU
Wallie,Clace,wclace41@ca.gov,(336) 6531738,lr8tXmlyg6
Rhea,Barnewall,rbarnewall42@behance.net,(107) 5056935,2DtvkPgD
Clint,Victory,cvictory43@merriam-webster.com,(504) 9496204,Ed5GBFT
Marlyn,Wedmore,mwedmore44@bandcamp.com,(778) 1693523,FW9hYPtBe3Y
Ashlin,Ridewood,aridewood45@yahoo.co.jp,(666) 2300342,SMMq0kj
Brantley,Vardie,bvardie46@wufoo.com,(148) 4537511,vUkmjTx0
Thayne,Piggin,tpiggin47@facebook.com,(140) 7919614,gHMgGxWsu5
Dino,de'-Ancy Willis,ddeancywillis48@blogs.com,(236) 5688554,8HlymDHB5
Nita,Kasper,nkasper49@dailymail.co.uk,(401) 6965178,rN5aSROzw
Moishe,D'Orsay,mdorsay4a@ning.com,(763) 7657702,YJfxL4tz
Edouard,Gidley,egidley4b@comsenz.com,(280) 3082478,GqUp4Ui
Cirstoforo,Forsdyke,cforsdyke4c@ibm.com,(863) 6106585,3v8mdSpJd
Webster,Nassie,wnassie4d@msn.com,(523) 5345470,KrznMgCgs
Wally,Pybworth,wpybworth4e@pagesperso-orange.fr,(463) 3129788,L5LlTI
Corney,O'Mullaney,comullaney4f@constantcontact.com,(246) 4573678,flKJ1qM
Shane,Trotter,strotter4g@xinhuanet.com,(587) 8529854,82Kecpt
Eveline,Fewell,efewell4h@netscape.com,(791) 4867870,p3YgO6mP
Noble,Ryan,nryan4i@arizona.edu,(888) 5619273,UX7McC
Bird,Kubis,bkubis4j@eepurl.com,(799) 3793937,Z0A0D14X4SbI
Tine,Paroni,tparoni4k@goo.gl,(279) 5387455,P3Ai1S75iZr
Barry,Sandars,bsandars4l@flavors.me,(929) 3532999,O2ukP8x8H
Biron,Brundale,bbrundale4m@wix.com,(992) 5296884,zPKZIM
Aigneis,Tal,atal4n@sogou.com,(626) 9660181,LMsGCWkD
Sigismund,Hollebon,shollebon4o@samsung.com,(592) 1920519,Dbcloee
Ainslie,Lowthian,alowthian4p@bbc.co.uk,(765) 7841979,1rIpgGxL7
Burke,Mathely,bmathely4q@godaddy.com,(208) 9603303,xOTDlw6
Fleming,Exrol,fexrol4r@indiatimes.com,(996) 3764967,n04g9XjlO5R
Madeline,Gilfoy,mgilfoy4s@seesaa.net,(466) 7701981,Vfruu27M
Robbert,Losel,rlosel4t@liveinternet.ru,(729) 9039779,SL12Z6vqpF
Werner,Ekless,wekless4u@msu.edu,(376) 6381630,9jFE5aLjlV6
Katlin,Pietron,kpietron4v@last.fm,(623) 3673492,WTvnVEYejlq
Coleen,Kerrich,ckerrich4w@wordpress.org,(345) 1245467,3WoWDsOlzXp
Nara,Thurlborn,nthurlborn4x@msu.edu,(510) 1626575,LYdNPM
Reg,Akram,rakram4y@ucsd.edu,(304) 9111857,sx9Y4r
Noelyn,Imorts,nimorts4z@loc.gov,(497) 5649798,r32Ncv5mt
Christina,Fernehough,cfernehough50@infoseek.co.jp,(694) 8036803,e4Bnd4LuA6z
Missie,Bugler,mbugler51@google.com.hk,(512) 7061884,VmGxSCVIld
Sophronia,Spridgen,sspridgen52@tuttocitta.it,(392) 2534241,BuXG5Yz
Doe,Brehaut,dbrehaut53@cmu.edu,(683) 7373857,bGhsyAP
Mackenzie,Matusovsky,mmatusovsky54@google.ru,(865) 7025141,lLJZbadMukCa
Hatty,Tilley,htilley55@dedecms.com,(338) 9006124,Efj10m
Adrian,Vigar,avigar56@merriam-webster.com,(581) 2865145,zKmAii5Oc
Koren,Dmitrievski,kdmitrievski57@yellowbook.com,(737) 7779040,fvbUyi7j
Sawyer,Hrishchenko,shrishchenko58@arizona.edu,(442) 9913478,HR34VR
Patrica,Cornillot,pcornillot59@zimbio.com,(492) 4402393,v6th7talPT7
Jackqueline,Peterffy,jpeterffy5a@jiathis.com,(871) 5262287,v90dib
Cinderella,Morrid,cmorrid5b@baidu.com,(840) 9969024,Vjf1KDfFqU
Etty,Crutchley,ecrutchley5c@icio.us,(393) 3796660,0a5j7V3unNq
Hansiain,Galbraith,hgalbraith5d@feedburner.com,(651) 9843849,ZMXj59AhR5
Gabbie,Rosenfield,grosenfield5e@epa.gov,(505) 1870572,DxlXIRaGCxQY
Lina,Slevin,lslevin5f@issuu.com,(430) 3089514,SWL2PZ
Seana,Davidovic,sdavidovic5g@wiley.com,(466) 3640025,R18juCSn
Caron,Domenc,cdomenc5h@altervista.org,(414) 2357243,RBQxdwIR50
Concettina,McCorley,cmccorley5i@shareasale.com,(886) 9435262,Lu9bvZc
Gay,Djekic,gdjekic5j@ihg.com,(157) 6326168,ebRisncE0P
Salem,Bridewell,sbridewell5k@wikia.com,(434) 8149184,LDrWHI4wBGl
Gav,Crowley,gcrowley5l@spiegel.de,(627) 4592749,FaezIDmOHn8
Nisse,Dufaire,ndufaire5m@tmall.com,(492) 6680854,pQn30ReEjfA5
Ely,Ryott,eryott5n@dailymail.co.uk,(569) 1223092,ZgyCbUbh
Erminie,Tapson,etapson5o@tuttocitta.it,(259) 3172873,UWGr6wM
Shanan,Mazzey,smazzey5p@intel.com,(360) 1250422,AyyCAhi
Jocelin,Callan,jcallan5q@gravatar.com,(784) 3147062,TAQ27lNC8R
Broddy,Saberton,bsaberton5r@gnu.org,(673) 2140408,hRK1Wrefd
Joela,Itzhak,jitzhak5s@exblog.jp,(235) 9082842,XL8d3BU0N2ky
Joly,Gabler,jgabler5t@usatoday.com,(308) 3681674,xZrRoAolOL
Clarinda,Tuminini,ctuminini5u@blogs.com,(588) 2597714,bjGeHjn2MW
Lesya,Fawssett,lfawssett5v@dagondesign.com,(852) 3178596,MjiSkfB
Sileas,Masey,smasey5w@umn.edu,(550) 2411324,BeoyVTP
Sidnee,Eveling,seveling5x@devhub.com,(662) 5272416,y14MIz
Bari,Ivanyutin,bivanyutin5y@mayoclinic.com,(687) 9315662,FKSCK0p3
Cristin,Shovelbottom,cshovelbottom5z@etsy.com,(111) 1359999,kdVj0A2EsE
Wittie,Kittle,wkittle60@reference.com,(393) 1311844,Lc5XlQe
Floria,Alessandretti,falessandretti61@mac.com,(499) 8629761,wrBB9hSYV
Pearce,Behnen,pbehnen62@flickr.com,(324) 9834679,m2MUYQRDi3Re
Anette,Buxcey,abuxcey63@yandex.ru,(260) 7827273,OuA5mMayr2
Marty,Falkner,mfalkner64@cloudflare.com,(105) 3448435,EQ3aPNWH
Margarete,Snoday,msnoday65@odnoklassniki.ru,(259) 5729942,ePnFYah5mC9k
Rip,Lindenman,rlindenman66@cornell.edu,(704) 2499144,rAGIa0LgThO
Cecily,Colnet,ccolnet67@ucoz.ru,(872) 2244713,0iP83yrE
Tessa,Bostock,tbostock68@nyu.edu,(235) 7246786,9DsTv07I3
Adair,Nevinson,anevinson69@geocities.jp,(598) 5625886,6xVTN8C
Benedikta,Catley,bcatley6a@stumbleupon.com,(567) 9840329,eykAIas
Jacquie,Chatin,jchatin6b@newyorker.com,(762) 5824655,98w4tQWnF9Z
Gustav,Mignot,gmignot6c@theglobeandmail.com,(287) 4880274,XKwiSr5pNW
Ancell,Swatheridge,aswatheridge6d@ox.ac.uk,(691) 1258025,5usHCdANWNy
Der,Rubenovic,drubenovic6e@epa.gov,(632) 1690659,S2HPnZxc
Cello,Smissen,csmissen6f@ehow.com,(959) 8352601,c4Z7jkAGUthj
Bria,Loukes,bloukes6g@nsw.gov.au,(107) 1461599,OCm6D92n5pW
Son,Gerrill,sgerrill6h@alibaba.com,(693) 8913859,ZENPnV0WQqZ
Antonina,Brightling,abrightling6i@360.cn,(946) 2271452,B1YYT5ieCv
Dwain,Philimore,dphilimore6j@shinystat.com,(916) 8236364,oU0EzNTgsOI
Tamar,Dawdry,tdawdry6k@unblog.fr,(574) 9331345,eyk1SI0Mxa
Bebe,Bendix,bbendix6l@columbia.edu,(497) 7924699,i6rixnNeT
Jacquenetta,Scolding,jscolding6m@bloglines.com,(144) 7056090,VFdldwX3ndT
Tarrance,Fryers,tfryers6n@columbia.edu,(844) 6145604,xffKQc59A
Hartwell,Ceaplen,hceaplen6o@newsvine.com,(436) 1341324,AX7RQNp
Richy,Sherrum,rsherrum6p@typepad.com,(951) 6618819,WuUQkR1h9Nr
Thomas,Houndsom,thoundsom6q@narod.ru,(560) 5248480,VlqfHnpeN
Petunia,Percifull,ppercifull6r@vk.com,(246) 7871271,jxRBPDzZqS
Wenona,Rewcastle,wrewcastle6s@pagesperso-orange.fr,(147) 2219703,lRlRFGQqL2
Maurizio,Fatharly,mfatharly6t@dyndns.org,(913) 1388492,ycjkh2hspH
Elane,Caldecott,ecaldecott6u@storify.com,(694) 8189473,XGq2BFmf
Blake,Santostefano.,bsantostefano6v@census.gov,(597) 4421058,P19Y0lTsSVb6
Wiatt,Rosenqvist,wrosenqvist6w@mozilla.org,(413) 8586747,a13rsJ2OIv
Lynea,Bareford,lbareford6x@smh.com.au,(301) 7728519,a7o6nr2ZF
Wandis,Huitt,whuitt6y@fc2.com,(580) 1341492,wybHFBe
Coretta,Aleksandrikin,caleksandrikin6z@redcross.org,(765) 6896705,nWiAHayfe
Chickie,Sinclar,csinclar70@ca.gov,(909) 1882986,4vjnhpMMl
Graehme,Batterton,gbatterton71@foxnews.com,(963) 1206620,oZ2LemP0v3Z
Joanie,Dytham,jdytham72@foxnews.com,(140) 8631646,ULiiRP9ULQ
Zorine,Luce,zluce73@multiply.com,(994) 5697657,t6WIy8DFR7YD
Theressa,Szapiro,tszapiro74@hexun.com,(455) 2460555,dRT3OfW
Aguste,Gallatly,agallatly75@weebly.com,(754) 7814236,nfftZUDzD7
Suzann,Bateup,sbateup76@ted.com,(938) 3150842,Hj0Q7VD
Marion,Cunliffe,mcunliffe77@moonfruit.com,(685) 7320518,zWmsAJiy
Wrennie,Jacquot,wjacquot78@thetimes.co.uk,(680) 3556607,Mr01pT6kNIJ
Sidoney,Lockhead,slockhead79@icio.us,(123) 1105099,ID9iCr0
Thoma,Conre,tconre7a@smugmug.com,(566) 3372697,Ac7C4xHf
Rebeca,Wafer,rwafer7b@xing.com,(518) 8680249,0s2QhfUz1
Maryjane,Angear,mangear7c@reuters.com,(738) 6773977,my6iUJmDJa
Willetta,Avard,wavard7d@comsenz.com,(865) 5950005,fjEEPQfJ
Prudy,Schwand,pschwand7e@accuweather.com,(776) 4408321,qbbgt1zuHE
Donavon,Postance,dpostance7f@biglobe.ne.jp,(501) 8047098,EcU9msu3
Maritsa,Liddicoat,mliddicoat7g@squarespace.com,(180) 4695963,LvGWogFHy0g
Crysta,Errol,cerrol7h@plala.or.jp,(345) 8675801,jPWPnvuT4gA
Chelsey,Card,ccard7i@hatena.ne.jp,(948) 1322880,X2Hi1Cqj
Farra,Betton,fbetton7j@photobucket.com,(382) 3148183,lcfiVuf
Norean,Seabridge,nseabridge7k@telegraph.co.uk,(467) 9167719,EHSjwC
Fran,Code,fcode7l@google.ru,(558) 4837467,lYf7h3fv8
Willow,Greenham,wgreenham7m@devhub.com,(255) 1124874,Tn0ceyay
Natal,Godmer,ngodmer7n@examiner.com,(144) 9456675,QjjZcwx
Georgie,Gasticke,ggasticke7o@google.de,(514) 9165652,tkwo3aVr
Theresina,Pentelow,tpentelow7p@businessinsider.com,(903) 5294667,hHYBwJxZM
Chariot,Shilliday,cshilliday7q@omniture.com,(197) 7167685,Bg3a5Dlw3WzY
Quillan,Dielhenn,qdielhenn7r@bigcartel.com,(445) 1512834,I0X0fsS
Hakeem,Grishin,hgrishin7s@smh.com.au,(391) 4014740,DZVuVLpVI05l
Inna,Snoad,isnoad7t@omniture.com,(852) 5626285,HBj4vCQNrI
Sosanna,Fishby,sfishby7u@shinystat.com,(185) 4457048,hDlMtHA2ERo
Silvie,Broszkiewicz,sbroszkiewicz7v@howstuffworks.com,(171) 8383682,mNgQw5L6s
Frazer,Hardiman,fhardiman7w@hatena.ne.jp,(559) 6230485,D9icyx
Bessy,Lampe,blampe7x@zdnet.com,(322) 7762233,urXgilUqoj
Bartram,McCawley,bmccawley7y@home.pl,(994) 8112498,xOAmgLeO
Jerald,Strank,jstrank7z@newyorker.com,(407) 2308210,6uMLZAxz0
Aurthur,Alexsandrov,aalexsandrov80@storify.com,(436) 5064625,xSZtAjKHBlA
Faulkner,Sheer,fsheer81@google.pl,(973) 9547443,JA3Ad92qvpB
Xever,Beranek,xberanek82@uol.com.br,(960) 7873486,qxoELWM7peyg
Nanette,Meaking,nmeaking83@thetimes.co.uk,(540) 8311809,K4I58CTmbDVV
Abbey,Gostall,agostall84@multiply.com,(186) 6604215,BEF1sjEs
Roshelle,Feander,rfeander85@mysql.com,(743) 3587558,AAweePPkd
Starr,Cockshot,scockshot86@indiatimes.com,(489) 1939755,xMeuhn5l3
Minetta,Linnemann,mlinnemann87@studiopress.com,(340) 1892307,Ma33ZLM6oK
Farris,Rainey,frainey88@issuu.com,(884) 7138407,v1MOItWPZ
Jasen,Bavridge,jbavridge89@i2i.jp,(964) 6764088,mZ3NdGtVj4y
Candi,Caldecourt,ccaldecourt8a@networksolutions.com,(863) 6115682,95W3Yu35N
Flor,Seckom,fseckom8b@vk.com,(556) 9492351,Z4aorB3OM
Tildie,Scotchbourouge,tscotchbourouge8c@nsw.gov.au,(549) 1357664,B4JDuDDd9ju
Maurene,Murfett,mmurfett8d@bloglines.com,(599) 3464559,tLx8U1Kw88e
Kev,Menat,kmenat8e@google.it,(468) 6072885,mkMIzUEVz
Tania,Mantrip,tmantrip8f@gov.uk,(833) 1880453,QsmuJm7yZ
Tamra,Mulhall,tmulhall8g@cnet.com,(371) 4037093,tZcelBfwC
Atlanta,Matuszewski,amatuszewski8h@linkedin.com,(109) 7265106,8FSCNUvV
Jeralee,Portwain,jportwain8i@yahoo.com,(304) 9904629,FkcEUkv
Kendre,Grent,kgrent8j@mlb.com,(900) 9485328,YQfJTP
Karel,Crossgrove,kcrossgrove8k@cnet.com,(818) 4203577,qlsWPZLU
Felipe,Lurriman,flurriman8l@go.com,(759) 2731974,Ls28u57
Georgette,Carcas,gcarcas8m@people.com.cn,(720) 6421527,JzmVQyhjy
Cary,Bollon,cbollon8n@harvard.edu,(498) 4813551,5kUmY5CZ
Freddi,Kusick,fkusick8o@google.com.au,(185) 1189702,cQX6XA3
Abbey,Carlill,acarlill8p@blogs.com,(473) 3484776,Il0VhaU
Nicolle,Comben,ncomben8q@gnu.org,(350) 4476575,bv73SV3Az
Marney,Moubray,mmoubray8r@google.pl,(530) 6492646,OCi00N22Fw4
Haley,Bezemer,hbezemer8s@netvibes.com,(619) 6734097,oqZNoVawpQ9
Gianni,Arnout,garnout8t@printfriendly.com,(723) 2616972,IzjYi7SYTzY
Becca,Scanderet,bscanderet8u@bravesites.com,(955) 9061545,OGbzzuUPiU
Alejoa,Cubbino,acubbino8v@admin.ch,(415) 6600414,4MiTJYTEeGNd
Jorrie,Odlin,jodlin8w@alibaba.com,(612) 3954339,HDeF9k
Randy,Reckhouse,rreckhouse8x@ucoz.com,(173) 3899337,DpYr5KkH
Winna,Basey,wbasey8y@gravatar.com,(736) 3594594,UgDPbBQ
Atlanta,Pedrollo,apedrollo8z@com.com,(302) 1982082,oJiueSNRw
Gery,Frentz,gfrentz90@flickr.com,(136) 5014128,oqDKveV9Fy
Garrek,Saffrin,gsaffrin91@nationalgeographic.com,(743) 2026345,iIdEc2rlV2
Quent,Olland,qolland92@pagesperso-orange.fr,(680) 4848938,j8zfeZLb484
Jodi,Ambridge,jambridge93@fda.gov,(738) 2440965,davMfNrIP
Ketty,Sollon,ksollon94@cafepress.com,(597) 1365621,hc7L5iJ7
Grantham,Saffell,gsaffell95@cargocollective.com,(732) 3588777,rcJSWDm8Sm
Conway,Louden,clouden96@about.com,(120) 4643460,b2VIy4KQMb
Reinaldo,Noot,rnoot97@berkeley.edu,(877) 3204778,Cdyuf0My
Orelee,Curuclis,ocuruclis98@slideshare.net,(456) 6923175,J8RtoZDgG23
Goldia,Stoving,gstoving99@sina.com.cn,(214) 3953728,xCNLhWInih
Kristos,Prisk,kprisk9a@blogtalkradio.com,(444) 8007596,MfwTlXe
Norah,Stringer,nstringer9b@hao123.com,(945) 9698904,bcjYag
Marla,Habishaw,mhabishaw9c@mozilla.com,(384) 1737347,Y5RBYlk0WDJ
Shandie,Curee,scuree9d@shinystat.com,(943) 8439043,EjS4Ge
Zsa zsa,Bigrigg,zbigrigg9e@ask.com,(830) 3251257,9cuPuB
Dmitri,Durban,ddurban9f@technorati.com,(933) 3730970,2U76gXv
Wini,Stollard,wstollard9g@sun.com,(288) 5024619,77wtqOnYVZjY
Rakel,Sholem,rsholem9h@amazonaws.com,(770) 6793949,JI1WfYU8djO
Nevsa,Grundle,ngrundle9i@zdnet.com,(511) 9702534,3mWVmfYO
Eldredge,Mityashin,emityashin9j@meetup.com,(182) 3736208,gYqQHn
Carmelia,Merill,cmerill9k@alexa.com,(482) 5175946,E3gEJud3
Myrlene,Eddison,meddison9l@dell.com,(641) 9637080,9ijLyt9nMR
Florence,Jiruca,fjiruca9m@1und1.de,(720) 1465720,MoBj6xMYtOsm
Christophe,Babinski,cbabinski9n@who.int,(831) 6092592,Cg6hZNzgP
Blanca,Medway,bmedway9o@redcross.org,(659) 7079349,1QtScKu
Chickie,Dupre,cdupre9p@booking.com,(155) 5462998,PEBMVW0r6kgh
Nora,Robberecht,nrobberecht9q@pinterest.com,(606) 6825601,8hYrbACtCoAW
Raddy,Anderer,randerer9r@deviantart.com,(668) 6339619,2NM16fqjIC
Field,Dyter,fdyter9s@ebay.com,(202) 7804839,evsnduf
Isa,Cremen,icremen9t@vistaprint.com,(967) 4742629,jlpsTJNNTYHi
Bridget,Gepheart,bgepheart9u@pagesperso-orange.fr,(659) 5619093,O8JcbGfOsU
Prescott,Attreed,pattreed9v@hibu.com,(638) 5741903,BBcAEPHMpU8
Joey,MacNeice,jmacneice9w@seesaa.net,(794) 8844450,7YRE40YrND
Guthrie,Ivons,givons9x@drupal.org,(955) 4837776,UIYLXFRuy8v
Griswold,Shrubshall,gshrubshall9y@salon.com,(251) 8633974,neOqXMFNB
Marietta,McGregor,mmcgregor9z@typepad.com,(549) 2019979,6pMzVuFac
Issy,Conring,iconringa0@exblog.jp,(711) 6593350,ScGq9oEst
Rene,oldey,roldeya1@ezinearticles.com,(338) 2958706,FArzBXgwWm
Karlis,Kupec,kkupeca2@google.com.au,(611) 9069872,PGnezfrqZA
Bebe,Jonin,bjonina3@yandex.ru,(178) 5851475,CiAADVkc2P
Tildi,Adamczyk,tadamczyka4@psu.edu,(134) 9873069,8aJkhXY74w4
Ashton,Echallie,aechalliea5@mtv.com,(618) 8531086,mYb2NsdXz
Elton,Ship,eshipa6@fotki.com,(755) 3011147,yqgH69v7X
Logan,Bathow,lbathowa7@acquirethisname.com,(805) 8953780,yBaxNFqfmuTY
Babara,Bamsey,bbamseya8@seattletimes.com,(588) 1717661,e9tYHh9gq
Lee,Duddle,lduddlea9@odnoklassniki.ru,(300) 2358805,fAeaL2QSSHwG
Joane,Huston,jhustonaa@imdb.com,(239) 1634226,nIfifBfid4
Marcos,Woollard,mwoollardab@wikimedia.org,(834) 3800820,Y7bghgc
Lindsay,Phethean,lphetheanac@google.co.uk,(949) 5657132,dbnHt52dv
Gretal,Edmondson,gedmondsonad@technorati.com,(877) 8356215,TNSqqkLdWhB
Amby,Barraclough,abarracloughae@harvard.edu,(528) 3358654,jZzdOuHKVbl
Charlton,Innot,cinnotaf@gizmodo.com,(892) 1656001,OzcVmpBH
Jackquelin,Claricoates,jclaricoatesag@google.fr,(988) 7952054,y2lgIurjlfN
Verena,Cockley,vcockleyah@amazon.co.jp,(546) 1029109,kpreyDoM
Deva,Michael,dmichaelai@trellian.com,(714) 6192455,4iG03et
Nerty,Brunn,nbrunnaj@vinaora.com,(445) 4973902,cu8yQHFR
Stephanie,Sliman,sslimanak@berkeley.edu,(411) 5988090,r5gBIlliKPB5
Hamid,Dargie,hdargieal@github.com,(857) 3976462,6RIryhbpHrU
Cindee,Lavallin,clavallinam@state.gov,(513) 3215886,2d1iON54
Valeria,Sheirlaw,vsheirlawan@biblegateway.com,(140) 5792909,B8rnKM7zDIG
Jard,Arundell,jarundellao@sohu.com,(177) 9588852,Eqg4g83lnf2U
Bartolomeo,Zieme,bziemeap@google.ru,(216) 3128352,lBJTQ4fV8W77
Joelynn,Horwell,jhorwellaq@virginia.edu,(337) 7378958,YouNTiv
Lebbie,Bolin,lbolinar@mapy.cz,(290) 3533885,64P0ALYlxzag
Ross,Lyngsted,rlyngstedas@wiley.com,(849) 3742392,515zp9ac
Cletus,Connock,cconnockat@surveymonkey.com,(687) 6437934,aWn18lX3yda
Dede,Kilbourne,dkilbourneau@mtv.com,(175) 6675898,PXLmcIUpRMy
Madalena,Welsby,mwelsbyav@clickbank.net,(789) 7837799,tP1uV889nbFK
Maureen,Juares,mjuaresaw@technorati.com,(637) 5426144,Fs91cKah
Lani,Raun,lraunax@reference.com,(506) 8098705,8dJbSQPUq
Angelle,Sleeman,asleemanay@comsenz.com,(859) 3494033,N38umb
Susann,Haggerston,shaggerstonaz@amazon.co.uk,(219) 3932712,7RhfXLKEQm
Serge,Merit,smeritb0@yellowbook.com,(558) 3979337,xfYNJo
Donica,Farn,dfarnb1@bravesites.com,(714) 1595360,cqr2JL
Charles,Kilrow,ckilrowb2@bloomberg.com,(593) 6614393,1Wd069tNb
Kaylee,Wasielewicz,kwasielewiczb3@netscape.com,(778) 2052586,R6NyRJNn9
Emelyne,Ciotto,eciottob4@unblog.fr,(566) 1774358,O6N9AK
Loree,Pidon,lpidonb5@usa.gov,(739) 2264855,Irt0rI
Eben,Bateup,ebateupb6@mtv.com,(158) 1598740,OJD5I7UF
Coriss,Daout,cdaoutb7@discovery.com,(605) 2204393,U4gWLKK
Fanni,Durden,fdurdenb8@shop-pro.jp,(705) 7981050,IXwLQUlC7J
Lindsay,Pattini,lpattinib9@discuz.net,(274) 9143391,jVg4mH2YG
Ariana,Braxay,abraxayba@businesswire.com,(295) 3392156,Q24TPF6N
Ivett,Wimbush,iwimbushbb@bbb.org,(948) 4959371,lXJn7N
Genvieve,Bowra,gbowrabc@nasa.gov,(897) 5353610,iFHVupJ
Gilberta,Gravett,ggravettbd@nature.com,(825) 3126853,v4B6Cpuv
Darcey,Ivanyushkin,divanyushkinbe@goo.gl,(888) 9286682,FXDZrI07X
Adeline,Sim,asimbf@cisco.com,(538) 2242943,N3jis20Pxpht
Ingeberg,Wavell,iwavellbg@ocn.ne.jp,(466) 5551869,b2UunSCDg
Gordie,Lambole,glambolebh@sohu.com,(542) 9817862,dprlEPih
Pebrook,Winnister,pwinnisterbi@icq.com,(794) 4026751,w9LbLnShD
Morly,Houselee,mhouseleebj@is.gd,(202) 5803040,QSFFpTxMGpV8
Troy,Pitkins,tpitkinsbk@i2i.jp,(630) 1926515,BbcldLAdIWkU
Alejandra,Leversha,alevershabl@dailymotion.com,(193) 3272505,yCxke2N49S
Erskine,Jikylls,ejikyllsbm@liveinternet.ru,(170) 7565222,5ml8saAH
Cy,Chichgar,cchichgarbn@hatena.ne.jp,(628) 1153812,MtGNRf7bOq
Rickie,Broxholme,rbroxholmebo@goo.ne.jp,(201) 5504623,tS4ga7
Meggi,Burchill,mburchillbp@npr.org,(259) 3697031,LcwP3pgF
Archie,Pengilley,apengilleybq@google.cn,(512) 7425752,MNRHbf2
Nicola,Rentalll,nrentalllbr@umn.edu,(527) 3002109,IUBDOrKd5FnG
Wini,Jimenez,wjimenezbs@linkedin.com,(245) 3011530,tjZm7XyLz4
Faustine,Semken,fsemkenbt@google.es,(858) 8929206,iyNaQW
Nicol,Verrall,nverrallbu@cbslocal.com,(540) 9430918,fhM4AENv
Lanita,Sewter,lsewterbv@hibu.com,(336) 6300190,vWDhcx5cRi
Etheline,Playdon,eplaydonbw@hexun.com,(202) 9706339,bOrqOp
Caldwell,Giles,cgilesbx@cloudflare.com,(253) 9656877,BreEzWf
Fabe,Wonfar,fwonfarby@google.ca,(472) 8277742,gWEgUd4l
Krista,Gisby,kgisbybz@imageshack.us,(796) 8312964,YpJjout8Ml6
Donna,Poyle,dpoylec0@nationalgeographic.com,(992) 4459953,v3L2iA3vZgn
Meara,Effemy,meffemyc1@illinois.edu,(525) 2967942,r4zr1wFTO7vl
Naoma,Gouldeby,ngouldebyc2@vinaora.com,(490) 8668151,rSMzeC2EQOO
Sharleen,Sicha,ssichac3@mac.com,(477) 6594255,IojWcy5GI9
Yuma,Genthner,ygenthnerc4@census.gov,(403) 3300840,julGj27W0
Pooh,Buddles,pbuddlesc5@ebay.co.uk,(324) 3447619,TGc3asYYc
Chicky,Purviss,cpurvissc6@addthis.com,(431) 9245803,rv23vD
Joanna,Storah,jstorahc7@cocolog-nifty.com,(906) 8133659,nAbtMA
Miguela,Andrys,mandrysc8@umn.edu,(212) 1020744,HgGwQaEb
Troy,Stoffler,tstofflerc9@i2i.jp,(284) 5637004,Vfj51IgZ3Jl
Bartel,MacCarlich,bmaccarlichca@wunderground.com,(114) 2780067,QlxXbpkfP
Arlyn,Crossgrove,acrossgrovecb@economist.com,(164) 3325976,DYgrg395T
Euell,Struan,estruancc@china.com.cn,(794) 5480362,hxdG3BN9sG
Sandye,Durrell,sdurrellcd@eventbrite.com,(449) 9822920,29HikW9Ui
Olwen,Akett,oakettce@usatoday.com,(976) 5923750,x3u34ExcIaaB
Jeana,Ohrt,johrtcf@macromedia.com,(637) 6341138,8j1rjH7ZZ5T
Rosanna,Crow,rcrowcg@hc360.com,(809) 6167271,mwdtCAFExeq
Janaye,Hildrew,jhildrewch@independent.co.uk,(259) 3707915,ZxT9xN
Natala,Tilne,ntilneci@phpbb.com,(792) 6689681,WQ29NL
Derby,Folger,dfolgercj@reverbnation.com,(596) 7684954,0VZHKoqs
Kendal,Strickland,kstricklandck@google.it,(227) 8278395,cMAz89VlF
Bernice,Chaudret,bchaudretcl@state.gov,(353) 2016617,11g7ex7UKS4M
Elysia,MacCawley,emaccawleycm@engadget.com,(569) 2502635,z0s5157FY
Lainey,Venn,lvenncn@nbcnews.com,(582) 7233415,fFDpptDnnR6
Granny,Muglestone,gmuglestoneco@digg.com,(395) 8486250,tE2W1L1AiI
Alasdair,Massenhove,amassenhovecp@geocities.com,(537) 4471828,CMsAlw
Becki,Branwhite,bbranwhitecq@google.com.au,(317) 8566880,HNA5XdrwJgB
Nessie,Assinder,nassindercr@howstuffworks.com,(317) 1794558,YIEEpaRZ1cf
Halley,Lusher,hlushercs@shutterfly.com,(237) 5440823,s3XyE6
Terri-jo,Gero,tgeroct@barnesandnoble.com,(294) 7972786,vPvfjIY
Bruno,Castagnasso,bcastagnassocu@delicious.com,(631) 2021397,0jaPDbP8nXzX
Henry,Burren,hburrencv@xing.com,(206) 1789848,mPnfOGZ4
Anallise,Swannie,aswanniecw@foxnews.com,(277) 8340738,1Ep1w1n
Charity,Got,cgotcx@businessweek.com,(584) 1121062,xY98vqPv
Giselle,Domenici,gdomenicicy@nydailynews.com,(882) 6366832,bRCAr9GEam
Heinrick,Noden,hnodencz@phoca.cz,(245) 5781279,YTRCrIScu
Ariella,Hebblewaite,ahebblewaited0@squarespace.com,(110) 7326840,wH8ZAiF
Genna,Fleetham,gfleethamd1@twitter.com,(270) 4420907,AwZU2OcJt
Ker,Shay,kshayd2@narod.ru,(859) 4062710,KDgduB
Sherm,Lambird,slambirdd3@youtu.be,(625) 2407392,NAhnSvxzFS
Dinnie,Bails,dbailsd4@usa.gov,(843) 1532798,TVeTdUIM
Joyann,Penny,jpennyd5@shop-pro.jp,(659) 9598548,kW5s5vNz4B
Owen,Haysham,ohayshamd6@blogs.com,(850) 4422682,nfnzz9m
Sarge,Chattington,schattingtond7@nih.gov,(894) 5401501,DISYDPEXV
Norrie,Bowerbank,nbowerbankd8@nationalgeographic.com,(838) 5653486,lrq7VFmR
Jasmine,Cleeve,jcleeved9@printfriendly.com,(679) 1143951,DsRAbYsLVc7B
Kerrin,Ceeley,kceeleyda@europa.eu,(937) 9487465,aJ9gb1zV7Bny
Lorens,Ganford,lganforddb@instagram.com,(696) 4108442,KoBkaq
Teressa,MacNeice,tmacneicedc@admin.ch,(946) 5708411,AazTUZhmly7
Cordell,Ballin,cballindd@mit.edu,(862) 2748640,N6LuYde
Tabbie,Whittles,twhittlesde@businessinsider.com,(150) 3792429,Ot7pwLvz2St
Abba,Ballance,aballancedf@lycos.com,(653) 9030946,tPBDs3Og8g
Nicolette,Wardlaw,nwardlawdg@nbcnews.com,(480) 4697630,ZDNXTiMgd
Kessiah,Craythorne,kcraythornedh@apache.org,(921) 6304833,sIjFk2BbQ
Ozzie,Spowage,ospowagedi@thetimes.co.uk,(109) 4222236,zTwZfzqiYfeV
Alexander,Roden,arodendj@topsy.com,(796) 2302040,6hIyBxT
Toinette,Boxell,tboxelldk@devhub.com,(212) 1198296,Kq8OcupDINA
Heindrick,Oager,hoagerdl@list-manage.com,(336) 6585905,8SueSMAjo
Guy,Stockau,gstockaudm@rakuten.co.jp,(909) 7840711,Wlw2GFe7e
Rolph,O'Sheerin,rosheerindn@clickbank.net,(398) 4291609,KgRuLM2F3Hd
Georges,Marchello,gmarchellodo@cisco.com,(451) 3344888,wvDCjMb2PL
Sharleen,Strewthers,sstrewthersdp@nyu.edu,(867) 6222768,6nYgn7h
Charmion,Hallett,challettdq@dyndns.org,(731) 1697645,paUQ8kh3Gj
Angelia,Penton,apentondr@blogtalkradio.com,(513) 7000396,d3D6zddcXmz2
Lars,Palfrey,lpalfreyds@samsung.com,(270) 6813425,pfZOPrA
Merilyn,McReath,mmcreathdt@google.pl,(143) 5330330,GURf2h
Elnora,Poltun,epoltundu@nps.gov,(446) 8861024,2ATZSR7Tt
Baxter,Gilliland,bgillilanddv@tinyurl.com,(409) 1430217,tdjjWDuWgJe
Margette,Nazer,mnazerdw@facebook.com,(557) 4132336,yH9wHOah
Hector,Bridgwood,hbridgwooddx@opensource.org,(565) 6372878,HumoiOcKQ
Guinevere,Jeanesson,gjeanessondy@mit.edu,(484) 6227753,BAkPGi3
Guthry,Lovstrom,glovstromdz@mit.edu,(760) 6825542,RMBTeu9NnKb
Yard,Meredyth,ymeredythe0@altervista.org,(939) 7908824,pFJUqER
Essie,Leworthy,eleworthye1@wsj.com,(123) 6970650,kINPuyBU
Leonard,Jose,ljosee2@parallels.com,(323) 8227761,mFbX4UF9ZZ
Sonja,Vaughton,svaughtone3@icq.com,(356) 4781668,CWdLtj
Fran,McLuckie,fmcluckiee4@wsj.com,(589) 6983214,CXQ0rOyCTN8
Kippie,Hoult,khoulte5@cloudflare.com,(941) 4633313,Fz3AvcR
Adriaens,Flinn,aflinne6@wikipedia.org,(111) 8253330,4j8d5p
Nady,Whyberd,nwhyberde7@blogs.com,(582) 6456143,YgWk8tnp
Hattie,Kolin,hkoline8@loc.gov,(802) 4462619,9TFTj6lxezfY
Cullan,Wiburn,cwiburne9@seesaa.net,(765) 3402016,KBrVYQ
Tanny,Petchey,tpetcheyea@whitehouse.gov,(649) 1966320,ZL9If0gvM4M
Norby,Conradie,nconradieeb@ehow.com,(888) 3765127,GucxgSvf
Delcina,Melland,dmellandec@nationalgeographic.com,(716) 1333267,BeHGLHKX
Ignacio,Gidden,igiddened@amazon.com,(435) 1513199,fMy8X7tf
Marilee,Domanski,mdomanskiee@dedecms.com,(462) 4262385,SXVF1FD6Q8Zc
Tamarra,O'Dunneen,todunneenef@drupal.org,(858) 2051747,lzgLTmoTN7
Cobb,Fontes,cfonteseg@baidu.com,(728) 1935308,IfBwjtVL
Ariella,Klaiser,aklaisereh@nbcnews.com,(335) 3813609,ETue5POXsE5
Dwight,Crinage,dcrinageei@smh.com.au,(969) 6826457,WQ71rR
Ronnica,Pyle,rpyleej@livejournal.com,(685) 7478898,rgrDOVWfc
Kalle,Clipson,kclipsonek@odnoklassniki.ru,(911) 4111564,lHigAPeuCw
Dunstan,Stokey,dstokeyel@disqus.com,(139) 6499777,G7ODhR3
Linet,Colville,lcolvilleem@intel.com,(809) 5322775,LhlSmX7Gdxe
Sheri,O'Glessane,soglessaneen@amazon.co.jp,(584) 6664543,oYfOFF9cKfUP
Wynny,Broadhurst,wbroadhursteo@fda.gov,(613) 6987865,piXUaOE
Livia,Hazzard,lhazzardep@mozilla.com,(142) 5379721,jtruKGezbIDL
Meryl,Brinkler,mbrinklereq@yahoo.com,(121) 5199258,appDJ89E7Y
Care,Beddingham,cbeddinghamer@hubpages.com,(124) 2243269,RPGJaqpub
Udell,Gronou,ugronoues@scientificamerican.com,(535) 8241016,ipWyXHET
Eleanora,Ert,eertet@hao123.com,(379) 4456696,TTSELdPoe
Ivie,Lorrimer,ilorrimereu@exblog.jp,(795) 7304551,0yjbYo
Renae,Dahmke,rdahmkeev@auda.org.au,(352) 6692496,ekG14BiG4VU
Giffer,Broscombe,gbroscombeew@kickstarter.com,(163) 4858030,OcfJpxcd
Brenden,Stanmore,bstanmoreex@netvibes.com,(406) 4719214,C9m8zvvx2Q
Sissie,Paoli,spaoliey@un.org,(274) 7318866,ajRUK6R
Devan,Pringell,dpringellez@symantec.com,(300) 5482566,Mmii0FTDoA
Bendite,Kristoffersen,bkristoffersenf0@opensource.org,(332) 1215186,g4Jg3H
Desiri,Bassill,dbassillf1@sun.com,(690) 5862750,mQShtK8isG
Vincenty,Brandenburg,vbrandenburgf2@shutterfly.com,(207) 1674265,V1HMD49SgxEM
Paco,Siverns,psivernsf3@cnbc.com,(788) 9109004,MfHBRfF8Lf8
Rodi,Dewdney,rdewdneyf4@nbcnews.com,(550) 1975112,DC9gyArK
Corine,Cadman,ccadmanf5@indiatimes.com,(822) 5890043,tHjYHxRAMPg
Findley,Wooler,fwoolerf6@dedecms.com,(969) 3012729,BhJWOetwG
Ambrosius,Neesam,aneesamf7@elpais.com,(370) 6281618,EVhg9HN
Shalne,Haggie,shaggief8@domainmarket.com,(717) 9876845,LlwF0pPog3
Mignonne,Reeday,mreedayf9@parallels.com,(812) 4845463,lxMjHbShAb
Lev,Hearmon,lhearmonfa@wufoo.com,(615) 6174087,DaFXmTHFPXpM
Katharina,Escalante,kescalantefb@typepad.com,(444) 4447863,6gdF1QXvY
Ginnie,Fredson,gfredsonfc@wp.com,(268) 7751248,L9XqGD
Johnette,Seamarke,jseamarkefd@xinhuanet.com,(744) 2505630,RGuEWleJCl68
Kristopher,Sheer,ksheerfe@liveinternet.ru,(314) 2464656,xIgTCwda
Aurie,Traut,atrautff@4shared.com,(432) 4324996,GwImAI
Cherye,Binley,cbinleyfg@studiopress.com,(661) 9642749,cSvdJm2JOYS
Chiquita,Scryne,cscrynefh@google.fr,(373) 4487012,6fCwYo8JSz3
Genvieve,Copozio,gcopoziofi@bbc.co.uk,(199) 4460570,WEHCVU8QZ
Rockwell,Kelby,rkelbyfj@live.com,(613) 7630037,c44N2dr
Flo,Goody,fgoodyfk@ucla.edu,(926) 6631563,zLY3BHutFkO
Stanleigh,Eyton,seytonfl@list-manage.com,(550) 6646497,Rbtki7LyMuDK
Elene,Mackneis,emackneisfm@cocolog-nifty.com,(328) 7404293,yel2Gm
Guillaume,Jellico,gjellicofn@foxnews.com,(583) 5959680,LjuGyew7m
Elbertina,Catenot,ecatenotfo@biglobe.ne.jp,(961) 1078561,ikcXNJ
Marita,Vero,mverofp@examiner.com,(343) 1442795,Ab8hqYOdXuee
Corey,Klaff,cklafffq@examiner.com,(310) 6309110,vpuNjZ
Leontyne,Sinnock,lsinnockfr@vimeo.com,(871) 3440648,nS4uyapZcYEf
Humphrey,Brayn,hbraynfs@nifty.com,(667) 9909349,hW9ubSQIEdo
Lazare,Downie,ldownieft@columbia.edu,(565) 6846687,52Xv4TP
Annabell,Potzold,apotzoldfu@walmart.com,(679) 5768879,Wr8PY540LGk
Vitoria,Vinnicombe,vvinnicombefv@state.gov,(868) 1807376,wMU4FAEH8Z1d
Penelope,Bladon,pbladonfw@twitter.com,(395) 9579789,jipxq5UkU
Portie,Gaunter,pgaunterfx@paypal.com,(274) 2039799,50nzwb
Nils,Powles,npowlesfy@github.io,(743) 7974005,13Exg6P
Karita,Woodcroft,kwoodcroftfz@washingtonpost.com,(221) 5899072,tPfcJJmglQ
Friederike,Huyge,fhuygeg0@shop-pro.jp,(252) 3118130,gNphcQ5v
Connie,Urlich,curlichg1@ftc.gov,(753) 3027361,hXDH1qg1LY
Lefty,Clemmow,lclemmowg2@facebook.com,(634) 3310187,vRhjgktw6qK
Katrine,Melledy,kmelledyg3@people.com.cn,(213) 2606585,ZTjlxxi0H
Maureen,Janko,mjankog4@friendfeed.com,(780) 4822932,dIqbdyb41B
Othella,Bedell,obedellg5@studiopress.com,(253) 4333840,y8SICOJK3il9
Sara,Marcum,smarcumg6@netvibes.com,(963) 4805730,hRY59klF
Nevsa,Harkus,nharkusg7@stumbleupon.com,(942) 6406220,CgZgRgrSY
Frayda,Crowley,fcrowleyg8@ebay.com,(772) 3047146,TBxTTRTv
Geoffrey,Gilbane,ggilbaneg9@marriott.com,(165) 7135947,O0Se5jO1i
Vikki,Ranklin,vranklinga@dailymotion.com,(736) 2201075,RiLOxlQ05i86
Welch,Gateman,wgatemangb@csmonitor.com,(550) 8587093,rGFZO6
Gilly,Twomey,gtwomeygc@fastcompany.com,(312) 3051680,cllUZ9lCh
Bent,Woodrooffe,bwoodrooffegd@wsj.com,(730) 9736326,IZQ2XDmR
Kylie,Lindenbluth,klindenbluthge@bravesites.com,(721) 3806053,IjJiq7m2Cz
Leena,Setchfield,lsetchfieldgf@feedburner.com,(987) 7440839,hvB5fXH
Alidia,Emanuele,aemanuelegg@about.com,(169) 8475110,dM4PsT
Caro,Ascrofte,cascroftegh@geocities.com,(340) 3881334,dtAtP1xdMe
Judy,Picott,jpicottgi@cnbc.com,(195) 2961724,kjuO0OY
Coleen,Todarini,ctodarinigj@deliciousdays.com,(199) 8881970,84JF81
Aurelia,Else,aelsegk@tinyurl.com,(391) 1770602,3RoAttq
Cathi,Benedicto,cbenedictogl@pen.io,(974) 2488496,rsOTUBs
Tadd,Finey,tfineygm@nba.com,(484) 7173716,sjUKYSRoE
Shawn,Stadden,sstaddengn@google.nl,(852) 6842658,fZrh7CIz8v
Ida,Bertot,ibertotgo@senate.gov,(716) 3042789,0BwgEgWX
Ricki,Van Bruggen,rvanbruggengp@google.pl,(238) 9772235,4o4yHyr4
Halette,Toolan,htoolangq@hostgator.com,(449) 5433694,AJgA93Weo
Cyril,Everton,cevertongr@wikipedia.org,(435) 7415820,4XEJGZDJv
Fernanda,Gething,fgethinggs@homestead.com,(864) 1167763,0y28xTabaty1
Raquela,Pattinson,rpattinsongt@geocities.jp,(754) 9573254,sVQAQA
Dwayne,Andryunin,dandryuningu@msu.edu,(255) 5665547,TwIWBkL
Nicolai,Ovenell,novenellgv@themeforest.net,(684) 8642106,VnS6v5gI
Tiphanie,Gawn,tgawngw@twitter.com,(357) 7689439,bMiITJ
Sylvan,Showte,sshowtegx@apache.org,(269) 6441590,K4Iei0QPbOE
Cooper,Foltin,cfoltingy@bizjournals.com,(725) 4839501,W9W3Cpz6eId
Ursola,Burhouse,uburhousegz@bloglines.com,(165) 8786363,IQt9fsD7oU
Shandie,Kentwell,skentwellh0@cocolog-nifty.com,(633) 3312533,N4qpGJgx
Bradly,Slamaker,bslamakerh1@washington.edu,(870) 4247346,zIKZ5N4u
Nero,Beardon,nbeardonh2@pen.io,(980) 2445058,6WktzOPAJ
Paige,Charnick,pcharnickh3@topsy.com,(682) 6105058,fhGWcH39Kcv
Symon,Giacobilio,sgiacobilioh4@google.fr,(407) 3598299,oDZhCI5EKL
Lancelot,Falk,lfalkh5@comcast.net,(814) 3527722,5J870xZ
Rikki,Blakeston,rblakestonh6@people.com.cn,(404) 7543021,m1VWHCuwE6
Garald,Blitzer,gblitzerh7@i2i.jp,(644) 5153709,ZmsTfgPmYljy
Alma,Simon,asimonh8@slashdot.org,(823) 8765883,ikwZRosO
Jerrie,Rebert,jreberth9@sfgate.com,(999) 6954345,jk1r7iKviXW
Cash,Brisley,cbrisleyha@chron.com,(573) 9024374,2IQBFwg
Danya,Brownjohn,dbrownjohnhb@cdbaby.com,(396) 7323179,Rjsa0E002lrn
Tonnie,Jovovic,tjovovichc@about.me,(557) 8084909,a7jlTgdpBLB
Anselm,Klemps,aklempshd@ow.ly,(160) 3744161,h4BTuwqbRwq
Kirsteni,Pluthero,kplutherohe@paypal.com,(534) 7066058,uJvxKpsY5f
Pasquale,Welchman,pwelchmanhf@canalblog.com,(987) 9629806,rqg6Pj6
Timotheus,Butland,tbutlandhg@ning.com,(861) 9819892,2PWpcKPGoaSc
Robinette,Keyho,rkeyhohh@wufoo.com,(871) 8647294,m3FSuC
Bobine,Heathfield,bheathfieldhi@cyberchimps.com,(346) 8722675,3ycp57PLZBGv
Serena,Blacker,sblackerhj@1688.com,(612) 4860582,NrSxPL99Q0Bv
Ferguson,Gepson,fgepsonhk@discovery.com,(553) 3964147,DIZxfd98i
Justen,Myhill,jmyhillhl@walmart.com,(852) 1786679,B033KzliIDY
Ira,Fiddian,ifiddianhm@de.vu,(718) 1769354,QDX0Vg4zko
Lonnie,Woolsey,lwoolseyhn@hatena.ne.jp,(242) 1895992,fQZSan8
Gertrude,Dicte,gdicteho@163.com,(790) 2537581,gshqsrYkW
Gertrude,Stollenbeck,gstollenbeckhp@clickbank.net,(448) 8445040,7EmnPnnGGr6U
Ray,Dalliwater,rdalliwaterhq@forbes.com,(230) 8628223,nXW45AtXDOB
Cyndy,Saffell,csaffellhr@japanpost.jp,(438) 6708312,c4MB6FP18oz
Archie,Duchart,aducharths@fastcompany.com,(334) 9496148,d0o07xkWC5
Brooke,Trinder,btrinderht@aboutads.info,(334) 6852940,kzQp57Vg3
Donica,Keddle,dkeddlehu@freewebs.com,(443) 1868020,Pxe4gjUZOg3
Gerrard,Rackham,grackhamhv@fema.gov,(535) 9736856,lNeCFaeAT6H9
Fran,Charnock,fcharnockhw@mapquest.com,(778) 6282862,KHtOTy35vj76
Stu,Verheyden,sverheydenhx@nationalgeographic.com,(520) 7623849,9quFF3bPl7
Daisi,Gabits,dgabitshy@columbia.edu,(286) 1829720,dB5mUbh2Zja
Evy,Shieber,eshieberhz@instagram.com,(239) 6213783,5DHNm0Bq
Felipa,Crowhurst,fcrowhursti0@howstuffworks.com,(744) 5335759,4WMp37oGnzrW
Seamus,Eldredge,seldredgei1@pen.io,(674) 8132509,kRMLn7c1t
Rob,Krause,rkrausei2@bloomberg.com,(615) 1930286,MbFTDHD1
Baxter,Tune,btunei3@merriam-webster.com,(529) 3085131,tjgmT09FbRaX
Rutherford,Proschek,rproscheki4@google.com,(997) 9681576,oNAZKU8i
Elysha,Pechet,epecheti5@over-blog.com,(886) 4602033,FyLQy2PQ
Carolus,Steptoe,csteptoei6@google.it,(712) 4093814,bXdvSdl6SNLG
Felizio,Kingzet,fkingzeti7@infoseek.co.jp,(275) 9802693,UgkDhGcLL
Birch,Gosforth,bgosforthi8@dropbox.com,(808) 8908216,7HpqtN
Ethelind,Lucas,elucasi9@tripadvisor.com,(543) 8363639,fby2Wqw4p
Glynn,Conaghy,gconaghyia@parallels.com,(655) 8973965,a9LRi31aA4
Dimitri,Benns,dbennsib@nymag.com,(358) 9335704,zxKGAtsTDkT
Sydney,Von Welldun,svonwelldunic@imageshack.us,(356) 2886321,ves5m2L9dU
Katleen,Dunstan,kdunstanid@unicef.org,(267) 6000115,xvasP48cz
Edwina,Boarder,eboarderie@altervista.org,(892) 2591187,fZvnSn
Ruthy,Chamley,rchamleyif@dailymotion.com,(108) 3593825,3DWkY2iYP
Maximilianus,Segot,msegotig@accuweather.com,(513) 8047996,F5ANwE1zl
Valentijn,Athowe,vathoweih@fotki.com,(146) 3027313,QhfLoKn
Murvyn,Onraet,monraetii@kickstarter.com,(768) 2764299,dApZx4wJI113
Lolly,Poulgreen,lpoulgreenij@hatena.ne.jp,(197) 4228135,hVt0e5vQxNX
Annamaria,Guest,aguestik@w3.org,(377) 4591128,Y4ZTfWaflEA
Theda,McIlmurray,tmcilmurrayil@timesonline.co.uk,(654) 3074303,4vAkT3
Murielle,Penney,mpenneyim@google.nl,(219) 9695552,7ym7agOQx
Zackariah,Guinan,zguinanin@hostgator.com,(944) 5876690,Lz9egC
Earle,Algar,ealgario@miitbeian.gov.cn,(490) 3059843,wXEtFPEnc
Cyril,Loughton,cloughtonip@themeforest.net,(698) 8656759,TtKOZvAkNYj8
Nick,Brounfield,nbrounfieldiq@harvard.edu,(932) 2697072,iBhUogB
Orelee,Edser,oedserir@ezinearticles.com,(483) 8342918,o6YdDR6wb6F
Karlens,Sinnat,ksinnatis@ameblo.jp,(371) 9192938,8fzr2mDW9
Rochester,Adne,radneit@stanford.edu,(165) 5159196,rh0bzkGY5B
Emmalee,Cuncliffe,ecuncliffeiu@theatlantic.com,(236) 8519778,PNq1NVpn9Pd
Ailey,Privett,aprivettiv@twitter.com,(990) 8915060,7zcCs2xk
Rhodia,Bynert,rbynertiw@aboutads.info,(409) 6378539,Z0gfLU5VXrC
Dwain,Beeho,dbeehoix@addthis.com,(552) 6073483,O01wA2
Margalo,Sharpous,msharpousiy@yale.edu,(132) 3493344,DW5tXPqOTWMz
Dodi,Truswell,dtruswelliz@upenn.edu,(871) 6060420,GUaIzW4EFw
Vin,Shepherd,vshepherdj0@dmoz.org,(900) 9362737,jpYxJw1Nod
Flossie,Boyson,fboysonj1@techcrunch.com,(486) 4071063,4tet7u
Laural,Kringe,lkringej2@github.com,(960) 3810441,HR8zWE6wYg
Ottilie,Allward,oallwardj3@cdc.gov,(774) 5505559,twZhd3LlGW
Rockie,Volkers,rvolkersj4@oakley.com,(827) 2868547,YMZDgaTuwYTa
Irita,Pennuzzi,ipennuzzij5@moonfruit.com,(190) 8232368,5Vj6ObNu
Wilmette,Brahmer,wbrahmerj6@cyberchimps.com,(399) 9524919,gblrAK0
Candice,Rivlin,crivlinj7@phoca.cz,(619) 7871697,JJn1JcLp
Massimo,Meriel,mmerielj8@paypal.com,(797) 8122633,la9582nSE
Bellanca,Smeeton,bsmeetonj9@abc.net.au,(799) 7495391,WaagZoazoL5
Celestyna,Rockell,crockellja@shutterfly.com,(547) 4854620,gjJpaz5l
Jarred,Freeth,jfreethjb@scribd.com,(913) 3861319,95fqYNqMD
Clay,Petrak,cpetrakjc@phpbb.com,(706) 8096349,CPQCmSM
Ilysa,Iaduccelli,iiaduccellijd@census.gov,(560) 4577019,25qVjbGv5
Daniela,Spurnier,dspurnierje@prweb.com,(452) 9203104,NpmK2gshMmN
Kennie,Riddett,kriddettjf@mayoclinic.com,(240) 1252965,vM8J5HS03U
Cathi,Cutten,ccuttenjg@sphinn.com,(638) 2317952,1gNj3Iep3
Demetria,Hinz,dhinzjh@51.la,(184) 9368005,EtrduEZ
Marius,Meffan,mmeffanji@tinyurl.com,(566) 9495257,aII1E3
Carita,Pitford,cpitfordjj@icq.com,(225) 5160317,znDL1s8
Gay,Rosenkranc,grosenkrancjk@is.gd,(961) 7559694,0dSDDeg
Keslie,Mityashin,kmityashinjl@businessinsider.com,(112) 6494126,b6PmOy6nvkzV
Jerrine,Hamby,jhambyjm@xing.com,(710) 2654681,qDTsz6gYfxz
Bobina,Tick,btickjn@google.com,(522) 6547765,JpJDD1D9
Linell,Tebbut,ltebbutjo@mapy.cz,(693) 9324270,eiZX9VnC
Bayard,Trewman,btrewmanjp@hhs.gov,(462) 2703659,YZ9ojLWS0
Nelli,Vearnals,nvearnalsjq@noaa.gov,(986) 5659511,CPoW1s
Jamal,Lancashire,jlancashirejr@sun.com,(276) 6902263,m20hBGkl
Delmore,Huet,dhuetjs@de.vu,(395) 5266769,SdYtfhg
Kinsley,McNab,kmcnabjt@chronoengine.com,(203) 6012412,g1vbitdN
Alethea,Lamden,alamdenju@sourceforge.net,(443) 6579725,HReBmY
Prudy,Bunston,pbunstonjv@indiegogo.com,(576) 9342009,bBzGTmE
Felicio,Povey,fpoveyjw@vimeo.com,(416) 4395345,W4NmOxDPyQK
Fidelia,Lenthall,flenthalljx@ebay.com,(757) 9783197,WBkPFlY
Morty,Nobles,mnoblesjy@phoca.cz,(458) 2932276,EhPfzRLQFAR
Zebedee,Kynder,zkynderjz@hp.com,(886) 7286922,OfOCO2
Andie,Strangward,astrangwardk0@i2i.jp,(850) 3322215,xBRAlR
Katey,Mitchell,kmitchellk1@spiegel.de,(884) 5405456,aTxMldj
Ossie,Hearons,ohearonsk2@fc2.com,(925) 9603360,3CxWVtvc1
Ram,Doohan,rdoohank3@hud.gov,(833) 8504502,kMzlR8az
Thaddus,Bulgen,tbulgenk4@java.com,(657) 6210062,eFyVdiiuSm
Caitrin,Reay,creayk5@guardian.co.uk,(109) 6461370,rhUmGgIn4u
Andreana,Wingham,awinghamk6@rediff.com,(726) 9848954,wlkR172ov
Pierette,McSkin,pmcskink7@acquirethisname.com,(700) 5677128,rJhDNGb
Jobye,Featherston,jfeatherstonk8@jalbum.net,(396) 2165156,nQmGWO1A
Kelly,Kleinplac,kkleinplack9@google.co.jp,(680) 5353342,JmJ7AuEv4FC
Filberto,Langham,flanghamka@desdev.cn,(735) 9015782,1ym5c2
Paule,Valde,pvaldekb@4shared.com,(927) 4485119,mgH8EtY9
Lily,Cicculi,lcicculikc@odnoklassniki.ru,(370) 6368099,5ry72hrNhAM
Tanny,Weyland,tweylandkd@dedecms.com,(703) 9226190,TOEdEdBj
Roby,Youle,ryouleke@quantcast.com,(666) 8546252,KohLS8FlpB
Ky,Swallow,kswallowkf@cnet.com,(210) 8789363,EZIJKX
Joice,Morrel,jmorrelkg@earthlink.net,(805) 7644207,OMRimJlRGsu
Derry,Stuckley,dstuckleykh@kickstarter.com,(892) 3937324,BSjzpXN2
Consuelo,O'Flaherty,coflahertyki@fastcompany.com,(567) 7261150,oh9i28wXlX
Merilyn,Impson,mimpsonkj@quantcast.com,(646) 2762864,MOqJN9
Osgood,Georges,ogeorgeskk@ifeng.com,(847) 4304032,SV5lawydDE37
Deena,Chin,dchinkl@ucla.edu,(906) 9176653,djtK33IpTr
Gwenny,Minet,gminetkm@harvard.edu,(385) 5356207,uFxBnaEu
Dee,Bartleet,dbartleetkn@51.la,(220) 6687121,i0Ckr6wo6bAf
Hillel,Aneley,haneleyko@flavors.me,(896) 1835023,F3IUCEIQ
Fania,Heazel,fheazelkp@blog.com,(109) 1649105,Rdwq1FcX
Lelia,Elphinston,lelphinstonkq@example.com,(261) 9669441,YOSxaIxmrv
Philippa,Ayerst,payerstkr@blogspot.com,(512) 5928426,yOQiM0jD
Jaime,Goudy,jgoudyks@marriott.com,(852) 2735591,FN9bIO
Kendra,Kassidy,kkassidykt@army.mil,(110) 9374418,p1EszE4n2Ma
Torr,Raun,traunku@pcworld.com,(598) 9327852,m37B3rrjPh
Tuesday,Bathowe,tbathowekv@amazon.co.uk,(858) 9002154,ubySzEm
Khalil,Knappe,kknappekw@ca.gov,(569) 6850716,bQYNZ72sU
Jenica,Blaver,jblaverkx@icq.com,(889) 9324656,2lHJsO
Freddi,Bellocht,fbellochtky@shop-pro.jp,(668) 5880243,1pugFls4
Garvey,Booi,gbooikz@about.com,(962) 3877505,Q5XaK7dI4
Kerry,Fossett,kfossettl0@facebook.com,(437) 7121868,2lKuMv
Mimi,Le Friec,mlefriecl1@artisteer.com,(407) 7027425,OT2q9S
Sloan,Stork,sstorkl2@tinyurl.com,(258) 2693420,OnGrnSZa
Danny,Keavy,dkeavyl3@linkedin.com,(146) 3682523,KWKLNZYHkUR
Rosamond,Farington,rfaringtonl4@unicef.org,(679) 5730603,GKOY4NSeC0P
Slade,Guye,sguyel5@uiuc.edu,(569) 5415476,jcDefDSKqfR
Olivie,Griffitts,ogriffittsl6@amazon.co.uk,(921) 3632907,SsqyCby2Ea
Olivia,Thompstone,othompstonel7@businesswire.com,(220) 1548993,9b5CWf1Riw
Kevon,Tann,ktannl8@ftc.gov,(938) 9627469,ystoZq
Shaine,Waldock,swaldockl9@independent.co.uk,(940) 9936556,RyWxfSke8LCe
Dorian,Gilks,dgilksla@acquirethisname.com,(250) 4730687,gsyHLmF
Bowie,Lafford,blaffordlb@dailymotion.com,(391) 5897127,ROX2GG
Vally,Burgan,vburganlc@cisco.com,(648) 1979122,TprHWskQ
Zelma,Minear,zminearld@sourceforge.net,(437) 9795554,dnNJlkZhRNX5
Valerye,Cowderay,vcowderayle@nifty.com,(230) 1453935,suGSrBVpC
Flossie,Kornacki,fkornackilf@bloglovin.com,(715) 9632520,MJseHT7l3
Leila,Darey,ldareylg@bizjournals.com,(266) 8490162,PcC1anxy
Violet,Elphick,velphicklh@usda.gov,(146) 2536574,vA1CU8y9TY
Jammal,Calley,jcalleyli@forbes.com,(746) 4590312,OYi2CEO
Bryce,McIlmurray,bmcilmurraylj@free.fr,(327) 7196051,z8laPe6NukfD
Linus,Entres,lentreslk@tinypic.com,(580) 3097390,2FAR2FpU
Harli,De la croix,hdelacroixll@domainmarket.com,(282) 9606083,6CKPQ8b
Arabele,Dunstall,adunstalllm@sourceforge.net,(720) 2911982,kPYMJInqlqr
Gilligan,Vigars,gvigarsln@ted.com,(668) 8731193,89mMx5IS
Durante,De Rye Barrett,dderyebarrettlo@businessinsider.com,(302) 4171845,3Exu2Us3kS
Lyon,Jodlkowski,ljodlkowskilp@newsvine.com,(841) 7117568,NtozjS7I2x
Zachery,Mettericke,zmetterickelq@marketwatch.com,(357) 8094372,1PEuny
Hildagard,Ramirez,hramirezlr@noaa.gov,(354) 5585049,7BssLCca
Sharai,Bugs,sbugsls@addtoany.com,(941) 7287335,Fb76Vc7LG
Chiarra,Meade,cmeadelt@vkontakte.ru,(567) 2878427,r263o9CmEF
Giffard,Crocombe,gcrocombelu@example.com,(214) 7002381,0qgjlN0w1I
Gaston,Scade,gscadelv@a8.net,(165) 8924437,wt1IIAnQoO8
Nissy,Schwartz,nschwartzlw@omniture.com,(868) 8029147,uQiSwa2
Colette,Sandall,csandalllx@people.com.cn,(566) 2876701,IR2vfWLtw4
Hogan,Cowap,hcowaply@com.com,(285) 2735034,cAK0DD
Briny,Vaudin,bvaudinlz@cargocollective.com,(927) 6373518,XzQSa5Liz
Walden,Leask,wleaskm0@facebook.com,(296) 3561861,tBwxkBezihDH
Virgie,Morley,vmorleym1@ameblo.jp,(262) 5635167,JwadhfjN
Jehanna,Macura,jmacuram2@nsw.gov.au,(868) 3416127,yrzA2lq
Alonzo,Treslove,atreslovem3@mac.com,(776) 6286280,FcqvHFHw
Jeni,Blodgetts,jblodgettsm4@blog.com,(798) 6449907,quR8GDzi
Cal,Lupton,cluptonm5@cornell.edu,(470) 9763637,AKDEgoS6xl
Gibby,Dunican,gdunicanm6@amazon.com,(649) 3980771,cj4N23
Tami,Rymill,trymillm7@google.com.hk,(237) 2398969,RTF9CqaaHa
Wynne,Langhorn,wlanghornm8@senate.gov,(355) 6097252,zEertOpkyqBP
Free,Wringe,fwringem9@stumbleupon.com,(882) 8331896,XTOsMYVrNXL
Marius,Rosetti,mrosettima@livejournal.com,(109) 7145704,2ImeEwhh6p
Berte,Balham,bbalhammb@wikipedia.org,(611) 7169291,nTX8lQf
Anatola,Danaher,adanahermc@indiegogo.com,(799) 1886222,30DqLKU
Winonah,Plaide,wplaidemd@indiatimes.com,(545) 3876989,4vwtVEH
Rene,Shubotham,rshubothamme@webmd.com,(420) 4630130,lFxfJ2
Randy,Allchorne,rallchornemf@sun.com,(737) 1357070,oCVr63Ths0U
Trixie,Culvey,tculveymg@vk.com,(396) 3922200,McXC6RrqYZhl
Daloris,Enderlein,denderleinmh@wunderground.com,(851) 7717989,rpDKqlqHftW4
Warde,Chiverton,wchivertonmi@tripadvisor.com,(650) 4627660,Osq4xAXGVi
Jeanelle,McFeate,jmcfeatemj@nbcnews.com,(861) 2512634,TUUHhIE8vD
Gabriello,MacLise,gmaclisemk@domainmarket.com,(414) 2654057,oXA51Z
Shanta,Ondracek,sondracekml@nbcnews.com,(402) 1212409,NT6pZ3Bc
Sawyere,Euler,seulermm@soup.io,(250) 4898267,UudK52
Kaleb,Ebenezer,kebenezermn@i2i.jp,(540) 9163936,uceaF3nm
Ros,Margrie,rmargriemo@bbc.co.uk,(104) 6949842,9yqZoSKYKI
Felicdad,Osgodby,fosgodbymp@godaddy.com,(406) 2078815,4eM3CjHhLY
Esra,Kilner,ekilnermq@nifty.com,(623) 8240100,Q5vjkaja
Karlen,O' Concannon,koconcannonmr@theguardian.com,(379) 1561283,cYfbl1P
Dante,Lornsen,dlornsenms@barnesandnoble.com,(738) 2617703,hndd9jiV
Rogerio,Leupoldt,rleupoldtmt@furl.net,(589) 8249810,5Ihmlu
Isabel,Kyteley,ikyteleymu@t.co,(508) 1649866,2QGIQKtBGd
Tadd,Draaisma,tdraaismamv@tripod.com,(866) 1060681,Ok1M4Gk
Gertrudis,Steketee,gsteketeemw@storify.com,(713) 8779226,qM3xCSwJBk2
Gawain,Gorriessen,ggorriessenmx@spotify.com,(299) 4978844,SsyHXe8aNCdC
Salli,Trenear,strenearmy@bravesites.com,(156) 5167846,XhQ7yzTYNdd
Craggy,Totaro,ctotaromz@so-net.ne.jp,(262) 9250902,Nzjlix4vxY
Cybill,Emmatt,cemmattn0@marriott.com,(149) 6473721,4Wor6KaHVVpI
Oona,Lanfranconi,olanfranconin1@sciencedirect.com,(591) 6374361,E0dQ59Za0
Omar,Shawcroft,oshawcroftn2@nhs.uk,(123) 1776583,buMeCW
Byrle,Jendrich,bjendrichn3@mysql.com,(256) 2585431,d0xEJM
Gabbey,Anwell,ganwelln4@ow.ly,(275) 8496596,MQ1ylAxJqh
Clary,Davidman,cdavidmann5@mozilla.org,(431) 8258455,6S6Gb0
Dunc,Leedal,dleedaln6@lycos.com,(109) 1023063,pGjbU8MPp99
Ignacius,Medway,imedwayn7@qq.com,(843) 4118862,joeItBXd6
Babs,Dixcee,bdixceen8@google.cn,(993) 7297693,tYXTESW
Chloris,Hadenton,chadentonn9@g.co,(500) 7814580,oanQwzv0sxt
Fulton,Dooly,fdoolyna@wordpress.com,(972) 2699778,0VOTGgn6hrzI
Zonda,Ahmad,zahmadnb@networkadvertising.org,(720) 8880943,8nbm6Vx
Stillmann,Kiezler,skiezlernc@paginegialle.it,(115) 5077887,lqm7JgrfBc
Chloris,Jezard,cjezardnd@reddit.com,(359) 4682256,mOIUTvwrT
Winny,Lehrahan,wlehrahanne@java.com,(949) 7485877,XMqoC4K7Amdt
Linnell,Durdle,ldurdlenf@comsenz.com,(187) 4408880,x9YBAmekF
Nedda,Quinell,nquinellng@time.com,(446) 5906055,aICBDA
Lavena,Opie,lopienh@mac.com,(675) 1093135,vYmJo2MHsNq
Yasmin,Danelut,ydanelutni@geocities.com,(245) 2937114,iResVb
Reggie,Owbridge,rowbridgenj@miitbeian.gov.cn,(852) 5206677,sRqk39Ixci
Maximilian,Balhatchet,mbalhatchetnk@reuters.com,(572) 5013994,7CQ8ZQESZpv
Anjela,Budgeon,abudgeonnl@furl.net,(692) 6836794,lcgfiuJn7MW9
Rafaela,Mara,rmaranm@springer.com,(843) 4548584,t1TX7cdagva6
Dorette,Spreadbury,dspreadburynn@theglobeandmail.com,(902) 5009514,8CTe8Mb19jG
Stafford,Ebben,sebbenno@whitehouse.gov,(335) 8892811,1TuYHc
Jeth,Killcross,jkillcrossnp@theatlantic.com,(557) 1592067,cXjoca
Maude,Hearnes,mhearnesnq@abc.net.au,(456) 8559636,fbwjmch
Jourdain,Watson,jwatsonnr@answers.com,(992) 9285782,Lj7yfM1FE
Jule,Townshend,jtownshendns@wikia.com,(312) 7694307,eilc5QxzQbp
Valaria,Evenden,vevendennt@un.org,(571) 8554357,2QU6zAzoUKl
Allene,Le Gall,alegallnu@telegraph.co.uk,(843) 1052977,xFzq28nVhrl
Nesta,Brizell,nbrizellnv@bbc.co.uk,(172) 1957565,rtWEZN13mHU
Linnea,Louys,llouysnw@patch.com,(713) 2497608,iNkilqPD3
Had,Dickman,hdickmannx@github.io,(381) 1424734,PSVN3Cf
Deerdre,Cheson,dchesonny@wikipedia.org,(482) 3561481,050bVtpCWUnp
Heidie,Boggs,hboggsnz@amazon.co.jp,(691) 9028127,WziGhn
Freedman,Coolahan,fcoolahano0@4shared.com,(919) 2870267,sboyRggm9j0J
Rozelle,Bellworthy,rbellworthyo1@stanford.edu,(670) 6631486,6zVRVc
Desdemona,Fincher,dfinchero2@alibaba.com,(362) 5880279,J2opZEoU58r6
Roselle,Planque,rplanqueo3@nps.gov,(719) 5916400,pKrA54z
Blinni,McKeurtan,bmckeurtano4@imdb.com,(467) 6604410,J6sco1AR
Bertrando,Cuthbertson,bcuthbertsono5@unicef.org,(238) 2207624,kG6IFY
Bonita,Dominka,bdominkao6@google.com.br,(583) 9702032,v7bTS2
Ossie,Sabberton,osabbertono7@baidu.com,(615) 9941402,BtSCAsaDk
Marieann,Letch,mletcho8@utexas.edu,(576) 3301044,JAJsrQwJ
Granthem,Ramsier,gramsiero9@apple.com,(994) 1768326,Bcb6qCTwKa3
Townie,Thirsk,tthirskoa@noaa.gov,(531) 5394194,LGfexCP
Layla,Rollason,lrollasonob@51.la,(260) 7574290,LNCWreGm6Rm
Adaline,Mattimoe,amattimoeoc@weebly.com,(865) 5857749,zC2I273
Tiff,Nolan,tnolanod@arizona.edu,(282) 2974286,cCLuB3Nhq
Skylar,Ghirigori,sghirigorioe@tinyurl.com,(507) 2833240,oEVdM0WnC
Tabina,Gaunt,tgauntof@twitter.com,(883) 8309212,1RW345cuHa
Katina,Blaksley,kblaksleyog@about.me,(832) 3182229,56lpgme4Pb
Illa,Shelley,ishelleyoh@go.com,(882) 5877190,S1P5U1ve
Nikola,Mapston,nmapstonoi@opensource.org,(272) 3834611,vh7IfAi1
Cristian,Bashford,cbashfordoj@etsy.com,(806) 1715465,c9wAcP
Agna,Blanckley,ablanckleyok@umn.edu,(110) 6275934,V7rQImQhL
Job,Maryott,jmaryottol@state.gov,(530) 4904261,rEr0cp
Pierette,McFadden,pmcfaddenom@msu.edu,(764) 7547718,V8zqUev5JZBq
Adelind,Seivwright,aseivwrighton@examiner.com,(334) 8648197,dyUoGg
Lawton,Spadotto,lspadottooo@booking.com,(643) 8025750,7tNM4fyw
Alwyn,Royston,aroystonop@last.fm,(850) 8733963,bAqYpM7
Glyn,Dymick,gdymickoq@tamu.edu,(979) 1723769,qqLJ2WuMQ
Neda,Donnett,ndonnettor@google.com.br,(120) 5121164,3cuLaXz4QZw
Vivyan,Lidster,vlidsteros@bigcartel.com,(305) 6559994,5RvwWAE4P
Perren,Darkin,pdarkinot@ezinearticles.com,(467) 2762566,yJ4wzH7Cz
Umberto,Baruch,ubaruchou@multiply.com,(244) 4802287,LwPJTKEv8ZT
Aurelea,Pasque,apasqueov@merriam-webster.com,(966) 3806497,r58KWoTnKRAP
Kerwin,Androck,kandrockow@thetimes.co.uk,(513) 5636633,PRCwb3KS
Welsh,Fortoun,wfortounox@techcrunch.com,(313) 5490785,9HBKNTX
Berry,Tancock,btancockoy@mlb.com,(489) 2250022,jfFnt3C
Mike,Signe,msigneoz@pbs.org,(874) 3903522,z3t2qfpDC
Clemmy,Pool,cpoolp0@twitter.com,(757) 5235108,iuZxtAEwc8
Marsha,Huntress,mhuntressp1@msn.com,(957) 7438844,aVXo7ULddg
Shandie,Janew,sjanewp2@nymag.com,(825) 6563495,jS7vDVlmyd
Maurita,Glentworth,mglentworthp3@slideshare.net,(231) 5352271,Qb31uTS
Valentin,Brockie,vbrockiep4@youku.com,(922) 5679032,yWLYu4VZ1g
Tiffie,Willoughway,twilloughwayp5@ustream.tv,(809) 5779103,fRqAveDWB
Dolorita,Gerrelt,dgerreltp6@aboutads.info,(233) 1621305,OMmxvR
Ernie,Pergens,epergensp7@squarespace.com,(741) 3636572,V9aIwHwcJ
Grover,Shillinglaw,gshillinglawp8@dion.ne.jp,(284) 4694568,hDKnCebM4Y8
Salvador,Oxley,soxleyp9@vinaora.com,(659) 2593441,IV5kh7Xnlunm
Tanney,Read,treadpa@smh.com.au,(943) 8851282,a7p3LTw
Adina,Levick,alevickpb@vistaprint.com,(269) 3074738,EZsxccT
Rhett,Lownie,rlowniepc@shutterfly.com,(199) 2575213,KH6f8VUd7e
Aguie,Aizikovitch,aaizikovitchpd@linkedin.com,(836) 5523953,w6ZkW1qqNX
Leontine,Raggett,lraggettpe@yelp.com,(910) 9308796,jWeeZVatdfpl
Sergeant,Vedenyakin,svedenyakinpf@github.io,(650) 2211483,bee41qXwA
Pippa,Gainsboro,pgainsboropg@reverbnation.com,(336) 4595833,nn5f7O
Ogdon,Salatino,osalatinoph@earthlink.net,(286) 3776104,HN9lH4F
Ramon,Nisbet,rnisbetpi@earthlink.net,(931) 6108583,NcjCdAXoG
Kip,D'Hooghe,kdhooghepj@hc360.com,(607) 5573188,T7aEevBT
Garner,Chavez,gchavezpk@xinhuanet.com,(700) 1092394,afPIGH
Hermine,Pendreigh,hpendreighpl@phoca.cz,(214) 8500864,959SKq
Torrence,Curness,tcurnesspm@cnn.com,(768) 1915979,uAFOqF
Friederike,Fligg,ffliggpn@irs.gov,(776) 3427529,PpaDZjI
Ezequiel,Arnoll,earnollpo@state.tx.us,(266) 4879595,9mPpH0
Mikel,Edwicker,medwickerpp@bizjournals.com,(374) 5555554,bXNWjBpDiUQ3
Mignon,Rispen,mrispenpq@e-recht24.de,(486) 9231812,MlBNJ9kMuze
Flss,Bentick,fbentickpr@posterous.com,(376) 5678354,VBRouOj
Gretal,Hammerson,ghammersonps@quantcast.com,(303) 1092098,iMBP381xXCy
Shirl,Bernuzzi,sbernuzzipt@e-recht24.de,(718) 3522714,6E4PBN9
Quillan,Grangier,qgrangierpu@aboutads.info,(268) 8680975,xhiRPQ3
Matias,Eckert,meckertpv@friendfeed.com,(229) 7737702,g2YWNIo9
Patsy,Treske,ptreskepw@sourceforge.net,(166) 3187061,Xk9XfQE
Karlis,Matusov,kmatusovpx@wikia.com,(471) 2278767,mGbAE43QN4
Cesar,Tait,ctaitpy@xrea.com,(241) 6960886,Gsxl7gmrN
Reeba,Vowles,rvowlespz@sfgate.com,(376) 2620858,HwC9G06MnUwD
Noreen,Celez,ncelezq0@51.la,(901) 6096671,XQBGPsmaI
Thorvald,Whiteman,twhitemanq1@etsy.com,(322) 8329979,GwuiyJ8JVF
Petunia,Marfell,pmarfellq2@psu.edu,(938) 1461839,irXTsHzfVIg
Georgie,Eisak,geisakq3@umich.edu,(280) 9924670,XYYiN4
Byrann,Islep,bislepq4@dailymail.co.uk,(802) 3021173,WF4QtL4JFqJK
Meggie,Kobisch,mkobischq5@vkontakte.ru,(652) 8216748,3WCRHYRwTFSg
Grantham,Ortner,gortnerq6@sciencedaily.com,(676) 1015705,zmEfLWZ2Z
Elvin,Budnk,ebudnkq7@utexas.edu,(509) 5521145,q2ff4Q
Dunstan,Davidofski,ddavidofskiq8@nbcnews.com,(500) 7576169,ND8v1PalcEHF
Grover,L'Hommeau,glhommeauq9@ovh.net,(544) 4641351,5MzI1DtZVV
Bogey,Denerley,bdenerleyqa@dropbox.com,(362) 4160778,56Zx9iaWXO
Hilton,Miall,hmiallqb@ocn.ne.jp,(960) 7357522,QPHNaGp3QL
Kahlil,Byles,kbylesqc@zimbio.com,(204) 8755280,NmRPiLLcUZa
Stefan,Garie,sgarieqd@theglobeandmail.com,(842) 1896373,I18OuPXSB6B
Kelwin,Maunder,kmaunderqe@apache.org,(747) 6609463,O6KXXRy4xM3
Cecilius,MacChaell,cmacchaellqf@plala.or.jp,(586) 1789723,93fCJL
Zachariah,Lanon,zlanonqg@linkedin.com,(460) 1218320,4JsZHW
Link,Vernon,lvernonqh@businessweek.com,(896) 2446519,ABoedR
Dina,Grisley,dgrisleyqi@ustream.tv,(730) 1241191,9uytfzO8z
Cal,Stallworth,cstallworthqj@google.ca,(369) 2752246,R8lV177qbtC
Adrian,Wittman,awittmanqk@europa.eu,(662) 8865059,867bWU
Tades,Mulcock,tmulcockql@posterous.com,(790) 3056686,0iTRKs4he
Malissia,Bengtsson,mbengtssonqm@tamu.edu,(526) 1826142,tWfJGzO
Bev,Gracewood,bgracewoodqn@amazon.com,(721) 2596950,yIlZTeaOM4LU
Tammara,D'Ambrosio,tdambrosioqo@aol.com,(420) 3051190,GRrf9S4N1
Corrine,Balsillie,cbalsillieqp@nydailynews.com,(490) 4704943,N1pXH74Oz
Adrea,Grindlay,agrindlayqq@kickstarter.com,(465) 4608486,RjvhcCKEpM2
Randee,Holsall,rholsallqr@meetup.com,(413) 9640536,juuyho
Khalil,Henkens,khenkensqs@usatoday.com,(363) 7076768,PJXAIb
Esme,Buttrick,ebuttrickqt@soup.io,(684) 5007142,6fjNzxrcaAa
Blancha,Abrahamovitz,babrahamovitzqu@webs.com,(164) 3292179,274cYhVpIXX
Zorah,Dickon,zdickonqv@census.gov,(621) 9339070,CvAvHzTA
Krishnah,Guyet,kguyetqw@cdc.gov,(256) 8675704,eaoxO0n31
Berri,Napoleon,bnapoleonqx@columbia.edu,(487) 1649447,fbnZyQVo6
Sandye,Fallanche,sfallancheqy@imgur.com,(992) 2346504,2Pr49V7q1
Daveen,Persian,dpersianqz@paginegialle.it,(141) 1213500,isLmDwHgqhz
Melitta,Turland,mturlandr0@indiatimes.com,(778) 6442848,5hsazvYD8mUs
Lorrin,Fairnington,lfairningtonr1@newsvine.com,(804) 2311016,JlN22Zrx
Dannie,Naerup,dnaerupr2@japanpost.jp,(952) 1062015,uZeT0EAfBI
Kinnie,Allred,kallredr3@amazon.co.uk,(655) 3036667,w1Pmtts
Sergei,Luckcock,sluckcockr4@hibu.com,(458) 9226380,GyAlAxq5s
Jermayne,Semon,jsemonr5@berkeley.edu,(382) 6603848,37T9Ku
Belinda,Astley,bastleyr6@studiopress.com,(825) 9709640,KnUSxsvI8x0
Tyrone,Talkington,ttalkingtonr7@mtv.com,(420) 5109021,wzCGGUzQQ
Fabian,Wraight,fwraightr8@sogou.com,(522) 5235247,kqnAC53eBO
Berton,O'Hoey,bohoeyr9@cloudflare.com,(776) 5783728,GfHM0mo33aK
Issiah,Sandifer,isandiferra@tuttocitta.it,(883) 5456091,ieoxLzO0HFH
Yolanthe,Burfitt,yburfittrb@abc.net.au,(382) 9518513,yEYqcRmvr
Melissa,Sawart,msawartrc@cnn.com,(964) 7755874,6P5FavKVjQF
Judas,Richmont,jrichmontrd@networksolutions.com,(828) 3595377,HRAymgjP
Aile,Sherwin,asherwinre@unblog.fr,(105) 5617926,AFscRA0U9Q
Gratiana,Izen,gizenrf@homestead.com,(442) 4075188,fQ3ESrw1
Burton,Ladbrook,bladbrookrg@ebay.com,(590) 7941127,B1zDRH
Denver,Thurston,dthurstonrh@oakley.com,(512) 2244655,owxAi5TL
Alley,Goodley,agoodleyri@disqus.com,(759) 1469753,JixIXbhJvt
Linell,Duggan,ldugganrj@51.la,(405) 8067887,dezdPWBo
Donnell,Surmeyers,dsurmeyersrk@accuweather.com,(916) 1760493,AEdLkDB2
Sarene,Eadon,seadonrl@is.gd,(772) 3714354,lv6PufCPF
Olivia,Feitosa,ofeitosarm@phpbb.com,(221) 3404501,9i983h
Brittany,Grafton,bgraftonrn@examiner.com,(558) 9468056,OZh3jgtNFO2
Claude,Lyne,clynero@booking.com,(961) 3230891,qckwB3KfrA
Phebe,Regler,preglerrp@shutterfly.com,(908) 5870136,KsrcPO
Mano,Pariss,mparissrq@yale.edu,(956) 3594044,geoMcUQ
Aeriela,Trebble,atrebblerr@e-recht24.de,(313) 4985353,pmita0PVpmta
